INSERT INTO "unit" ("fmd", "fmw")
VALUES 
('9', '9HQ'),
('93', 'Sembawang'),
('93', 'Bedok'),
('93', 'Selarang'),
('93', 'Navy'),
('92', 'Kranji')
('9', 'Admin');

INSERT INTO "user" ("username", "password", "fmw","fmd","clearance","unit_id")
VALUES 
('Admin','Admin','Admin',9,3,7),
('9HQ','9HQ','9HQ',9,3,1),
('Sembawang','Sembawang','Sembawang',93,3,2),
('Bedok','Bedok','Bedok',93,3,3),
('Selarang','Selarang','Selarang',93,3,4),
('Navy','Navy','Navy',93,3,5),
('Kranji','Kranji','Kranji',92,3,6);


INSERT INTO "personnel" ("name","rank", "fmw","fmd","active","unit_id")
VALUES
('Person0','RANK0','Sembawang',93,1,2),
('Person1','RANK1','Sembawang',93,1,2),
('Person2','RANK2','Sembawang',93,1,2),
('Person3','RANK3','Sembawang',93,1,2),
('Person4','RANK4','Sembawang',93,1,2),
('Person5','RANK5','Sembawang',93,1,2),
('Person6','RANK6','Sembawang',93,1,2),
('Person7','RANK7','Sembawang',93,1,2),
('Person8','RANK8','Sembawang',93,1,2),
('Person9','RANK9','Sembawang',93,1,2),
('Person10','RANK10','Sembawang',93,1,2),
('Person11','RANK11','Sembawang',93,1,2),
('Person12','RANK12','Sembawang',93,1,2),
('Person13','RANK13','Sembawang',93,1,2),
('Person14','RANK14','Sembawang',93,1,2),
('Person15','RANK15','Sembawang',93,1,2),
('Person16','RANK16','Sembawang',93,1,2),
('Person17','RANK17','Sembawang',93,1,2),
('Person18','RANK18','Sembawang',93,1,2),
('Person19','RANK19','Sembawang',93,1,2),
('Person20','RANK20','Sembawang',93,1,2),
('Person21','RANK21','Sembawang',93,1,2),
('Person22','RANK22','Sembawang',93,1,2),
('Person23','RANK23','Sembawang',93,1,2),
('Person24','RANK24','Sembawang',93,1,2),
('Person25','RANK25','Sembawang',93,1,2),
('Person26','RANK26','Sembawang',93,1,2),
('Person27','RANK27','Sembawang',93,1,2),
('Person28','RANK28','Sembawang',93,1,2),
('Person29','RANK29','Sembawang',93,1,2),
('Person30','RANK30','9HQ',9,1,1),
('Person31','RANK31','Bedok',93,1,3),
('Person32','RANK32','Bedok',93,1,3),
('Person33','RANK33','Bedok',93,1,3),
('Person34','RANK34','Bedok',93,1,3),
('Person35','RANK35','Bedok',93,1,3),
('Person36','RANK36','Bedok',93,1,3),
('Person37','RANK37','Bedok',93,1,3),
('Person38','RANK38','Bedok',93,1,3),
('Person39','RANK39','Bedok',93,1,3),
('Person40','RANK40','Bedok',93,1,3),
('Person41','RANK41','Bedok',93,1,3),
('Person42','RANK42','Bedok',93,1,3),
('Person43','RANK43','Bedok',93,1,3),
('Person44','RANK44','Bedok',93,1,3),
('Person45','RANK45','Bedok',93,1,3),
('Person46','RANK46','Bedok',93,1,3),
('Person47','RANK47','Bedok',93,1,3),
('Person48','RANK48','Bedok',93,1,3),
('Person49','RANK49','Bedok',93,1,3),
('Person50','RANK50','9HQ',9,1,1),
('Person51','RANK51','Kranji',92,1,6),
('Person52','RANK52','Kranji',92,1,6),
('Person53','RANK53','Kranji',92,1,6),
('Person54','RANK54','Kranji',92,1,6),
('Person55','RANK55','Kranji',92,1,6),
('Person56','RANK56','Kranji',92,1,6),
('Person57','RANK57','Kranji',92,1,6),
('Person58','RANK58','Kranji',92,1,6),
('Person59','RANK59','Kranji',92,1,6),
('Person60','RANK60','Kranji',92,1,6),
('Person61','RANK61','Kranji',92,1,6),
('Person62','RANK62','Kranji',92,1,6),
('Person63','RANK63','Kranji',92,1,6),
('Person64','RANK64','Kranji',92,1,6),
('Person65','RANK65','Kranji',92,1,6),
('Person66','RANK66','Kranji',92,1,6),
('Person67','RANK67','Kranji',92,1,6),
('Person68','RANK68','Kranji',92,1,6),
('Person69','RANK69','Kranji',92,1,6),
('Person70','RANK70','Kranji',92,1,6),
('Person71','RANK71','Kranji',92,1,6),
('Person72','RANK72','Kranji',92,1,6),
('Person73','RANK73','Kranji',92,1,6),
('Person74','RANK74','Kranji',92,1,6),
('Person75','RANK75','Kranji',92,1,6),
('Person76','RANK76','Kranji',92,1,6),
('Person77','RANK77','Kranji',92,1,6),
('Person78','RANK78','Kranji',92,1,6),
('Person79','RANK79','Kranji',92,1,6),
('Person80','RANK80','9HQ',9,1,1),
('Person81','RANK81','9HQ',9,1,1),
('Person82','RANK82','9HQ',9,1,1),
('Person83','RANK83','9HQ',9,1,1),
('Person84','RANK84','9HQ',9,1,1),
('Person85','RANK85','9HQ',9,1,1),
('Person86','RANK86','9HQ',9,1,1),
('Person87','RANK87','9HQ',9,1,1),
('Person88','RANK88','9HQ',9,1,1),
('Person89','RANK89','9HQ',9,1,1),
('Person90','RANK90','9HQ',9,1,1),
('Person91','RANK91','9HQ',9,1,1),
('Person92','RANK92','9HQ',9,1,1),
('Person93','RANK93','9HQ',9,1,1),
('Person94','RANK94','9HQ',9,1,1),
('Person95','RANK95','9HQ',9,1,1),
('Person96','RANK96','9HQ',9,1,1),
('Person97','RANK97','9HQ',9,1,1),
('Person98','RANK98','9HQ',9,1,1),
('Person99','RANK99','9HQ',9,1,1);

INSERT INTO "personnel_status" ("personnel_id", "date", "am_status", "am_remarks", "pm_status", "pm_remarks")
VALUES
('1', '2020-09-19', 'P', '', 'P', ''),
('2', '2020-09-19', 'P', '', 'P', ''),
('3', '2020-09-19', 'P', '', 'OS', 'OSREMARKSOS'),
('4', '2020-09-19', 'LL', '', 'LL', ''),
('5', '2020-09-19', 'P', '', 'P', ''),
('6', '2020-09-19', 'OC', 'OCREMARKSOC', 'OC', 'OCREMARKSOC'),
('7', '2020-09-19', 'P', '', 'P', ''),
('8', '2020-09-19', 'OC', 'OCREMARKSOC', 'OC', 'OCREMARKSOC'),
('9', '2020-09-19', 'MA', '', 'LL', ''),
('10', '2020-09-19', 'LL', '', 'LL', ''),
('11', '2020-09-19', 'P', '', 'P', ''),
('12', '2020-09-19', 'OC', 'OCREMARKSOC', 'OC', 'OCREMARKSOC'),
('13', '2020-09-19', 'OC', 'OCREMARKSOC', 'OC', 'OCREMARKSOC'),
('14', '2020-09-19', 'OC', 'OCREMARKSOC', 'OC', 'OCREMARKSOC'),
('15', '2020-09-19', 'P', '', 'P', ''),
('16', '2020-09-19', 'OC', 'OCREMARKSOC', 'OC', 'OCREMARKSOC'),
('17', '2020-09-19', 'P', '', 'P', ''),
('18', '2020-09-19', 'MC', 'TILL END OF DAY', 'MC', 'TILL END OF DAY'),
('19', '2020-09-19', 'P', '', 'OS', 'OSREMARKSOS'),
('20', '2020-09-19', 'OFF', '', 'OFF', ''),
('21', '2020-09-19', 'P', '', 'P', ''),
('22', '2020-09-19', 'P', '', 'P', ''),
('23', '2020-09-19', 'P', '', 'P', ''),
('24', '2020-09-19', 'OC', 'OCREMARKSOC', 'OC', 'OCREMARKSOC'),
('25', '2020-09-19', 'P', 'LATE', 'P', ''),
('26', '2020-09-19', 'P', '', 'P', ''),
('27', '2020-09-19', 'P', '', 'P', ''),
('28', '2020-09-19', 'P', '', 'P', ''),
('29', '2020-09-19', 'DR', '', 'OFF', ''),
('30', '2020-09-19', 'OC', 'OCREMARKSOC', 'OC', 'OCREMARKSOC'),
('31', '2020-09-19', 'OC', 'OCREMARKSOC', 'OC', 'OCREMARKSOC'),
('32', '2020-09-19', 'P', '', 'P', ''),
('33', '2020-09-19', 'OFF', '', 'OFF', ''),
('34', '2020-09-19', 'OC', 'OCREMARKSOC', 'OC', 'OCREMARKSOC'),
('35', '2020-09-19', 'P', '', 'P', ''),
('36', '2020-09-19', 'P', '', 'P', ''),
('37', '2020-09-19', 'P', '', 'P', ''),
('38', '2020-09-19', 'LL', '', 'LL', ''),
('39', '2020-09-19', 'P', '', 'P', ''),
('40', '2020-09-19', 'MC', '', 'MC', '');
